crop,disease,visual_description,treatment,formality
Corn,Common Rust,"Uh oh, your corn's got those nasty red bumps! They're called common rust, and they spread like crazy.",Use fungicides containing triazoles or strobilurins.,informal
Corn,Common Rust,Leaves lookin' all yellow and crinkled? Might be rust! Check the undersides for tiny brown bumps.,Apply copper-based fungicides. Ensure thorough coverage of affected areas.,informal
Corn,Common Rust,"Rust likes to party along the veins, making your leaves look splotchy.",Use systemic fungicides containing triazoles for long-lasting protection.,informal
Corn,Common Rust,"Those little specks turn into long, angry-looking sores on the leaves. Not good!",Apply fungicides containing both protective and curative active ingredients for comprehensive control.,informal
Corn,Common Rust,"Rust makes leaves turn yellow and die off, leaving your corn lookin' bald.",Combine chemical control with cultural practices such as removing infected debris to minimize disease spread.,informal
Corn,Common Rust,Start with the lookout! Catch rust early before it takes over the whole plant.,Implement early detection measures to initiate treatment before the disease becomes widespread.,informal
Corn,Common Rust,Wilted leaves? That could be rust messing with your corn's health and harvest.,Apply fungicides during periods of high humidity to prevent disease establishment and spread.,informal
Corn,Common Rust,Yellow halos around the bumps? Rust is definitely setting up shop.,Monitor weather conditions closely and adjust fungicide application timing accordingly for optimal efficacy.,informal
Corn,Common Rust,Young corn gets stunted if rust hits early. Not fair!,Utilize fungicides with translaminar activity to penetrate leaf tissues and target hidden infections.,informal
Corn,Common Rust,"Bumps can join forces and cover big patches, making the leaves all sad and brown.",Combine chemical control with biological agents to enhance disease suppression and promote plant health.,informal
Corn,Common Rust,"Small, reddish-brown pustules develop on leaves, eventually turning black. Leaves may become yellow and shriveled.",Use fungicides containing triazoles or strobilurins.,formal
Corn,Common Rust,"Small, reddish-brown pustules appear on the underside of leaves and spread rapidly.",Apply copper-based fungicides. Ensure thorough coverage of affected areas.,formal
Corn,Common Rust,"Clusters of reddish-brown pustules develop along leaf veins, creating a mottled appearance.",Use systemic fungicides containing triazoles for long-lasting protection.,formal
Corn,Common Rust,"Pustules initially appear as tiny specks, gradually enlarging and forming elongated lesions.",Apply fungicides containing both protective and curative active ingredients for comprehensive control.,formal
Corn,Common Rust,"Leaf tissue surrounding pustules may turn yellow and die off, leading to premature leaf drop.",Combine chemical control with cultural practices such as removing infected debris to minimize disease spread.,formal
Corn,Common Rust,"Pustules may develop in clusters at leaf tips, progressing towards the base of the plant.",Implement early detection measures to initiate treatment before the disease becomes widespread.,formal
Corn,Common Rust,"Severely affected leaves may curl and wither, affecting overall plant health and yield.",Apply fungicides during periods of high humidity to prevent disease establishment and spread.,formal
Corn,Common Rust,"Pustules may be accompanied by yellow halos, indicating active infection sites.",Monitor weather conditions closely and adjust fungicide application timing accordingly for optimal efficacy.,formal
Corn,Common Rust,Young plants may exhibit stunted growth and reduced vigor due to early infection.,Utilize fungicides with translaminar activity to penetrate leaf tissues and target hidden infections.,formal
Corn,Common Rust,"Pustules may coalesce to form larger patches, covering extensive leaf areas.",Combine chemical control with biological agents to enhance disease suppression and promote plant health.,formal
Corn,Gray Leaf Spot,"Irregular, rectangular lesions with gray centers and dark borders develop on leaves. Lesions may merge under favorable conditions.",Apply fungicides containing strobilurins or azoles.,formal
Corn,Gray Leaf Spot,Lesions start as small specks and enlarge to form irregular shapes over time.,Implement crop rotation and maintain optimal plant spacing for better airflow.,formal
Corn,Gray Leaf Spot,Lesions may develop a fuzzy appearance due to the presence of fungal spores.,"Adopt cultural practices that promote rapid drying of foliage, such as proper field drainage.",formal
Corn,Gray Leaf Spot,"Affected leaves may show signs of necrosis, leading to reduced photosynthetic capacity.",Apply fungicides preventatively during periods of high humidity and leaf wetness.,formal
Corn,Gray Leaf Spot,"Lesions may coalesce to form larger areas of blighted tissue, causing significant yield losses.","Implement biological control methods, such as beneficial microorganisms, to suppress fungal populations.",formal
Corn,Gray Leaf Spot,"Infected leaves may exhibit yellowing around lesion margins, indicating active disease progression.",Monitor weather conditions and initiate fungicide applications at the first sign of disease development.,formal
Corn,Gray Leaf Spot,"Lesions may appear water-soaked initially, progressing to develop characteristic gray centers.",Apply fungicides with curative properties to halt disease spread within the crop.,formal
Corn,Gray Leaf Spot,"Severe infections may cause premature leaf drop, leading to reduced photosynthetic capacity.",Maintain a clean field environment by removing crop debris to reduce overwintering sources of inoculum.,formal
Corn,Gray Leaf Spot,Lesions may exhibit a target-like appearance with concentric rings of varying shades of gray.,Rotate fungicides with different modes of action to delay resistance development.,formal
Corn,Gray Leaf Spot,"Lesions may sporulate under favorable conditions, leading to secondary infection cycles.",Integrate disease forecasting models to optimize fungicide application timing.,formal
Corn,Gray Leaf Spot,Your corn's leaves get these weird gray spots with dark edges. They start small but can grow into funky shapes.,Spray some special stuff on your corn to keep those spots from spreading.,informal
Corn,Gray Leaf Spot,"If you see tiny gray specks on your corn leaves, watch out! They might get bigger and make odd shapes.",Try moving your corn around and giving it some space. It helps with the airflow!,informal
Corn,Gray Leaf Spot,"Sometimes those gray spots on your corn leaves get fuzzy, like a tiny sweater party. Not cool!",Make sure your corn's leaves don't get too wet. Drip irrigation could help dry things out.,informal
Corn,Gray Leaf Spot,Your corn's leaves might turn yellow and crinkly if they get sick. It's like they're too tired to do their job!,"When it's all wet and humid outside, give your corn a little spray to keep the sickness away.",informal
Corn,Gray Leaf Spot,Sometimes those gray spots team up and make big patches on your corn. Not good for the harvest!,Try using some special spray to protect your corn's new leaves from getting sick.,informal
Corn,Gray Leaf Spot,You might see yellow stuff around the edges of the gray spots on your corn. That's a sign things are getting worse!,Keep an eye on the weather and spray your corn as soon as you spot those gray spots.,informal
Corn,Gray Leaf Spot,"Sometimes, the gray spots on your corn leaves look like they're soaking wet. Then they turn gray in the middle. Weird, huh?",Spray some special stuff on your corn to stop the gray spots from spreading around.,informal
Corn,Gray Leaf Spot,"If your corn's leaves start falling off too soon, it might be because of those gray spots. Not good for growing!",Make sure your corn field is super clean. Get rid of all the old stuff so the sickness can't hang around.,informal
Corn,Gray Leaf Spot,Sometimes those gray spots on your corn leaves look like targets with rings. But it's not a gameâ€”it's bad news for your crop!,Try using some tiny bugs to fight off the sickness in your corn. They're like tiny superheroes!,informal
Corn,Gray Leaf Spot,"Sometimes, those gray spots on your corn leaves make more gray stuff when the weather's nice. It's like they're throwing a party!",Check the weather forecast and spray your corn at the right time to keep those gray spots away.,informal
Corn,Leaf Blight,"When your corn leaves get these dark brown spots that look like they're burnt, it's probably leaf blight.",Spray some special stuff on your corn early in the season to keep the sickness away.,informal
Corn,Leaf Blight,"If you see yellow stuff around the edges of those brown spots on your corn leaves, it's a sign the sickness is getting worse!",Try planting some different stuff around your corn to break the sickness cycle.,informal
Corn,Leaf Blight,"Sometimes your corn's leaves get these spots all clumped together. It's like they're having a party, but it's not a good one!",Try planting some corn that's tougher against the sickness.,informal
Corn,Leaf Blight,"If your corn starts dying early, it might be because of leaf blight. Not good for your harvest!","When it's all wet and rainy outside, spray some special stuff on your corn to keep it safe.",informal
Corn,Leaf Blight,"Those brown spots on your corn can spread fast, especially when it's warm and wet outside.",Keep your corn field super clean to get rid of any old stuff that could make the sickness come back.,informal
Corn,Leaf Blight,"Sometimes those brown spots ooze stuff that bugs like. Gross, right?",Check your corn field often and spray your corn as soon as you see those brown spots.,informal
Corn,Leaf Blight,Those brown spots on your corn leaves can look all wet and slimy. Yuck!,Keep your corn plants a bit farther apart to let the air get through and dry them out.,informal
Corn,Leaf Blight,"Sometimes, leaf blight can make your corn plants fall over. Not cool!",Dig deep in your field to bury any old stuff that's making your corn sick.,informal
Corn,Leaf Blight,"Those brown spots on your corn can blow around in the wind and rain, making the sickness spread.",Try using some tiny bugs to fight off the sickness in your corn. They're like tiny superheroes!,informal
Corn,Leaf Blight,Leaf blight can make your corn's stems wilt and die. It's like they're giving up!,"Spray some special stuff on your corn to protect it from getting sick, and make sure to cover all the leaves.",informal
Corn,Leaf Blight,"Dark brown lesions with irregular borders develop on corn leaves, resembling burnt patches.",Apply fungicides early in the season to prevent initial infection.,formal
Corn,Leaf Blight,"Lesions exhibit a halo of yellowing tissue around the edges, indicating active infection sites.",Practice crop rotation with non-host plants to break disease cycles.,formal
Corn,Leaf Blight,"Leaf blight lesions often occur in clusters, leading to localized tissue damage.",Utilize resistant corn varieties to reduce disease pressure.,formal
Corn,Leaf Blight,"Severe leaf blight infections may cause premature plant death, leading to yield losses.",Apply fungicides preventively during periods of high humidity and rainfall.,formal
Corn,Leaf Blight,"Lesions may expand rapidly under warm, moist conditions, spreading to neighboring plants.",Implement sanitation measures to remove infected debris and minimize overwintering of pathogens.,formal
Corn,Leaf Blight,"Leaf blight lesions may exude a sticky substance, attracting secondary pests.",Monitor fields regularly and apply fungicides at the first sign of disease development.,formal
Corn,Leaf Blight,"Lesions may appear water-soaked and slimy, facilitating secondary bacterial infections.",Maintain adequate plant spacing to promote airflow and reduce leaf wetness duration.,formal
Corn,Leaf Blight,"Severe leaf blight infections can lead to lodging, reducing ease of harvest and grain quality.",Implement cultural practices such as deep tillage to bury infected plant residues.,formal
Corn,Leaf Blight,"Lesions may contain fungal spores, which can be dispersed by wind or rain, facilitating disease spread.",Utilize biological control agents such as beneficial microbes to suppress pathogen populations.,formal
Corn,Leaf Blight,"Leaf blight lesions may girdle stems, causing wilting and eventual plant death.",Apply fungicides preventively and curatively to protect healthy tissue and stop disease progression.,formal
Potato,Early Blight,"Irregularly shaped lesions with dark brown centers and yellow halos develop on potato leaves, resembling bullseye patterns.",Apply fungicides containing mancozeb or fluazinam for effective control.,formal
Potato,Early Blight,"Lesions may cause leaf curling and distortion, affecting overall plant health.",Employ cultural practices such as planting resistant varieties to reduce disease incidence.,formal
Potato,Early Blight,"Severe infections may lead to premature defoliation, reducing tuber yield and quality.","Use integrated pest management approaches, including biological control agents, to suppress disease spread.",formal
Potato,Early Blight,"Lesions may exude a dark, sticky substance, attracting secondary pests such as aphids.",Apply fungicides preventively and monitor for early signs of disease to minimize crop damage.,formal
Potato,Early Blight,"Lesions may develop into necrotic areas, leading to tissue death and reduced photosynthetic capacity.",Utilize resistant potato cultivars in combination with fungicide applications for integrated disease management.,formal
Potato,Early Blight,"Lesions may coalesce, forming large necrotic patches and increasing disease severity.",Implement proper irrigation practices to maintain soil moisture levels and reduce stress on plants.,formal
Potato,Early Blight,"Early blight lesions may resemble sunken depressions on leaf surfaces, indicating tissue damage.",Monitor weather conditions and adjust fungicide application schedules accordingly to optimize control.,formal
Potato,Early Blight,Lesions may occur in concentric rings with alternating bands of healthy and necrotic tissue.,Utilize cultural practices such as mulching to reduce soil splash and minimize disease spread.,formal
Potato,Early Blight,Severe infections may result in premature plant senescence and reduced tuber quality.,Employ a combination of chemical and cultural controls to manage early blight effectively.,formal
Potato,Early Blight,"Lesions may develop white fungal growth on their surface under humid conditions, indicating active sporulation.",Apply fungicides preventively and maintain adequate plant spacing for improved air circulation.,formal
Potato,Early Blight,"Ever seen those weird spots on your potato leaves? They're like brown circles with yellow rings, kinda like a bullseye.",Grab some fungicides with mancozeb or fluazinam in 'em and spray those plants down.,informal
Potato,Early Blight,"You know when the leaves start curling up and getting all twisted? Yeah, that's early blight messing with your spuds' vibe.","Try planting some tougher potato varieties, they might give early blight a run for its money.",informal
Potato,Early Blight,"Picture this: your potato plants losing their leaves way too soon. Early blight's the culprit, robbing your spuds of their potential.","Go for the combo punch! Bring in the good bugs, use some fungicides, and show early blight who's boss.",informal
Potato,Early Blight,"Ever noticed your potato leaves getting all sticky and gross? Yeah, that's early blight inviting its buddies over for a party.",Spray some fungicides early on and keep an eye out for any suspicious spots.,informal
Potato,Early Blight,"When those brown spots start spreading and turning into dead patches, your potato plants aren't having a good time.",Mix it up with some strong potato types and hit 'em with some fungicides to keep early blight at bay.,informal
Potato,Early Blight,Imagine those potato leaves looking like they've got sunken craters. That's early blight saying hello.,Keep an eye on the weather and get ready to spray those plants if things start lookin' too humid.,informal
Potato,Early Blight,Ever seen potato leaves with rings of healthy and dead tissue? That's early blight's way of leaving its mark.,Spread some mulch around your spuds to keep the soil splash down and make it harder for early blight to spread.,informal
Potato,Early Blight,Imagine your potato plants calling it quits way too early. That's early blight making your spuds tap out.,"Mix it up with a bit of everything - chemicals, good practices, whatever it takes to keep early blight from ruining your harvest.",informal
Potato,Early Blight,Seen those potato leaves with weird white stuff on 'em? That's early blight getting ready for round two.,Start spraying those fungicides early and make sure your plants have enough room to breathe.,informal
Potato,Late Blight,Ever seen those soggy spots on your potato leaves? They start out wet and turn brown and mushy real quick. It's like the potato's gone bad!,Spray some fungicides with copper stuff or maneb to keep those potato leaves looking fresh.,informal
Potato,Late Blight,You know when your potato plants start smelling funky and the leaves get all greasy looking? Late blight's definitely crashing the potato party.,Make sure your potato patch has good drainage so the water doesn't stick around and give late blight a chance to wreck things.,informal
Potato,Late Blight,"When the air's all humid and the temperature's just right, late blight goes into turbo mode, spreading faster than gossip.",Hit 'em early and hit 'em hard! Fungicides are your best bet to keep late blight from ruining your spuds.,informal
Potato,Late Blight,"Picture this: your potato leaves turning to mush. Yeah, that's late blight making your spuds feel like they're in a horror movie.",Get yourself some tough potato types that can handle late blight like a champ.,informal
Potato,Late Blight,"When you hold those potato leaves up to the light and they look kinda see-through, you know late blight's been up to no good.",Keep an eye on the weather and be ready to spray those fungicides if it starts lookin' like late blight's about to throw a party.,informal
Potato,Late Blight,"Imagine your potato leaves turning blackish-purple. Yeah, that's late blight giving your spuds the dark treatment.",Try switching things up with your crops to keep late blight from sticking around for too long.,informal
Potato,Late Blight,"Ever seen those fuzzy spots on your potato leaves? Yeah, that's late blight getting ready to spread like wildfire.","Be real careful where you get your potato plants from, don't wanna introduce any late blight to your healthy ones.",informal
Potato,Late Blight,"Imagine your potato patch turning into a ghost town with all the leaves disappearing. Late blight's the ghost, haunting your spuds.","Spray those fungicides everywhere - on the leaves, on the tubers, just everywhere to keep late blight in check.",informal
Potato,Late Blight,"When those potato stems start looking sickly and wilted, you know late blight's been messing around.",Maybe ease up on the nitrogen fertilizer a bit to keep late blight from getting too cozy in your potato patch.,informal
Potato,Late Blight,"Imagine late blight throwing spores around like confetti at a party. Yeah, not a pretty sight.",Stay ahead of the game with some weather predictions and time your fungicide sprays just right.,informal
Potato,Late Blight,"The initial symptoms of Late Blight manifest as water-soaked lesions primarily appearing on the lower leaves of potato plants. These lesions swiftly progress to a brown, necrotic state, particularly under conditions of high humidity. In humid environments, the presence of white fungal growth may become evident on affected foliage.","For effective control of Late Blight, it is recommended to apply fungicides containing copper-based products or maneb. These treatments should be administered preventively and curatively to safeguard healthy tissue and curb the spread of the disease.",formal
Potato,Late Blight,The characteristic appearance of Late Blight lesions is often accompanied by a greasy texture and emits a disagreeable odor. These lesions serve as active sites of disease development and pose a significant threat to potato cultivation.,"To mitigate the impact of Late Blight, it is imperative to optimize drainage systems within potato fields to reduce moisture accumulation. By minimizing moisture levels, the conducive environment for fungal proliferation can be mitigated, thus promoting crop health and productivity.",formal
Potato,Late Blight,"During periods characterized by elevated humidity levels and moderate temperatures, Late Blight lesions exhibit heightened rates of proliferation. These conditions create an environment conducive to the rapid spread of the pathogen, necessitating prompt intervention measures.","Implementing a proactive approach to Late Blight management involves the application of fungicides preventively and curatively. By adopting this strategy, growers can effectively shield healthy tissue from infection and limit the dissemination of the pathogen.",formal
Potato,Late Blight,"As Late Blight lesions progress, affected tissue undergoes a transition to a water-soaked, soft, and mushy state. This degradation compromises the structural integrity of the plant, leading to functional impairments and yield losses.","To bolster resistance against Late Blight, the cultivation of potato varieties exhibiting inherent resistance to the disease is recommended. By opting for resistant cultivars, growers can fortify their crop's defense mechanisms against pathogen infiltration and subsequent damage.",formal
Potato,Late Blight,"In instances where Late Blight lesions assume a translucent appearance when viewed against light, it indicates the breakdown of cellular structure within the affected tissue. This phenomenon is indicative of advanced disease progression and warrants immediate attention.","To preemptively address the threat posed by Late Blight, growers should closely monitor weather forecasts to identify conditions conducive to disease development. By leveraging this information, fungicide application schedules can be optimized to coincide with periods of heightened risk.",formal
Potato,Late Blight,"Late Blight lesions may exhibit a distinctive purple-black hue, particularly in environments characterized by elevated humidity levels. This visual cue serves as a diagnostic indicator of the disease and underscores the urgency of intervention measures.","Adopting cultural practices such as crop rotation is instrumental in mitigating the prevalence of Late Blight. By rotating crops, growers can disrupt the disease cycle and diminish the reservoir of inoculum within the soil, thereby curbing its spread.",formal
Potato,Late Blight,Late Blight lesions may exhibit a fuzzy appearance attributable to the sporulation of the late blight pathogen. This characteristic feature accentuates the pathogen's ability to propagate and underscores the need for stringent containment measures.,"To forestall the ingress of Late Blight into uninfected areas, stringent quarantine measures should be enforced. By restricting the movement of potentially contaminated plant material, growers can mitigate the risk of introducing the disease to new locales.",formal
Potato,Late Blight,"In scenarios where Late Blight lesions escalate rapidly, culminating in extensive defoliation and yield losses, immediate action is imperative. Fungicide applications, deployed both preventively and curatively, serve as a cornerstone of disease management.","To safeguard both the foliage and tubers from the ravages of Late Blight, growers must apply fungicides in a proactive manner. By adhering to recommended application schedules, growers can uphold the health and productivity of their potato crops.",formal
Potato,Late Blight,"Late Blight lesions may extend their influence to the petioles and stems of potato plants, resulting in girdling and subsequent wilting. These deleterious effects compromise the vascular function of affected plant parts, exacerbating the severity of the disease.","Effective management of Late Blight necessitates the implementation of judicious cultural practices. By optimizing irrigation regimes, growers can curtail the duration of leaf wetness, thereby mitigating the conducive environment for pathogen proliferation.",formal
Potato,Late Blight,"Late Blight lesions may yield airborne spores, facilitating long-distance dissemination of the pathogen. This mode of transmission underscores the importance of preemptive measures aimed at curtailing disease spread.","To preempt the onset of epidemic proportions, growers must leverage forecasting models to anticipate potential disease outbreaks. By aligning fungicide applications with periods of heightened risk, growers can effectively mitigate the spread of Late Blight.",formal
Potato,Late Blight,"Late Blight lesions can prompt rapid tissue collapse, culminating in extensive necrosis of affected plant parts. This rapid deterioration necessitates a multifaceted approach encompassing both chemical and cultural interventions.","Incorporating resistant potato varieties into cultivation practices represents a proactive measure against Late Blight. By combining varietal resistance with fungicide applications, growers can bolster their defense mechanisms against disease incursion.",formal
Rice,Brown Spot,"Brown Spot disease manifests as small, circular to oval lesions on rice leaves, distinguished by brown centers surrounded by yellow halos. These lesions tend to coalesce, accelerating premature leaf senescence and potentially compromising photosynthetic capacity.","To effectively manage Brown Spot, it is advisable to apply fungicides containing active ingredients such as azoxystrobin or propiconazole. These fungicides should be deployed preventively, particularly during periods characterized by high humidity and warm temperatures, to curtail disease progression.",formal
Rice,Brown Spot,"The onset of Brown Spot lesions typically occurs on lower leaves and gradually extends upwards, posing a threat to overall crop health and productivity.","To mitigate the spread of Brown Spot, it is essential to optimize field drainage to minimize the accumulation of standing water. By facilitating proper drainage, growers can create an environment less conducive to disease proliferation.",formal
Rice,Brown Spot,"Under conditions of heightened disease pressure, Brown Spot lesions may assume a reddish-brown hue, underscoring the severity of the infection.","To bolster resistance against Brown Spot, the cultivation of rice varieties exhibiting inherent resistance to the disease is recommended. By selecting resistant cultivars, growers can fortify their crop's defense mechanisms and minimize susceptibility to infection.",formal
Rice,Brown Spot,"Brown Spot lesions have the potential to induce leaf yellowing and premature defoliation, thereby impeding the rice plant's photosynthetic efficiency.","Adopting cultural practices such as balanced fertilization is instrumental in promoting rice plant health and resilience against Brown Spot. By maintaining optimal nutrient levels, growers can enhance plant vigor and mitigate the impact of disease-induced stress.",formal
Rice,Brown Spot,"Characteristic of Brown Spot lesions is the presence of a bull's-eye pattern, with concentric rings of varying colors. This visual cue aids in disease diagnosis and underscores the importance of proactive management strategies.","To preempt the onset of Brown Spot outbreaks, it is advisable to apply fungicides preventively during periods characterized by high humidity and warm temperatures. By adhering to recommended application schedules, growers can effectively mitigate the spread of the disease.",formal
Rice,Brown Spot,"Brown Spot lesions may extend their influence beyond rice leaves to include leaf sheaths and nodes, thereby compromising nutrient and water uptake.","To curtail disease inoculum within rice fields, it is imperative to conduct regular monitoring and promptly remove volunteer plants. By eliminating potential sources of infection, growers can mitigate the risk of disease spread and safeguard crop health.",formal
Rice,Brown Spot,"Under favorable environmental conditions, Brown Spot lesions have the propensity to rapidly increase in size, exacerbating disease severity.","To minimize the severity of Brown Spot outbreaks, growers must prioritize proper water management practices. By regulating water levels and minimizing leaf wetness duration, growers can create an environment less conducive to disease development.",formal
Rice,Brown Spot,"Brown Spot lesions may exhibit more pronounced symptoms on leaves with high nitrogen content, highlighting the complex interplay between plant nutrition and disease susceptibility.","To optimize plant nutrition without promoting disease development, growers should adjust nitrogen fertilizer application rates judiciously. By achieving a balance in nutrient levels, growers can mitigate the risk of disease exacerbation while promoting crop health.",formal
Rice,Brown Spot,"Lesions associated with Brown Spot disease may develop on leaf veins, leading to necrosis and impaired nutrient transport.","Adopting cultural practices such as crop rotation is pivotal in breaking disease cycles and reducing inoculum levels. By diversifying cropping patterns, growers can disrupt the disease cycle and mitigate its impact on rice production.",formal
Rice,Brown Spot,"Brown Spot lesions may assume a fuzzy appearance under conditions of high humidity, indicative of fungal sporulation.","To minimize disease pressure and promote sustainable rice production, growers should implement integrated pest management strategies. By leveraging biological control agents, growers can suppress the proliferation of Brown Spot pathogens and mitigate disease spread.",formal
Rice,Brown Spot,"So, you might notice these small roundish spots on your rice leaves, kinda like little bull's-eyes with brown centers and yellowish rings around them. If things get bad, they might start joining up, turning your leaves yellow and kinda crinkly before they should.","To tackle this, get yourself some fungicides with stuff like azoxystrobin or propiconazole. Give your rice a good spray, especially when it's hot and sticky out there.",informal
Rice,Brown Spot,"When this brown spot thing kicks off, it usually starts down low on your rice plants and then works its way up, messing with your whole crop.","To fight back, make sure your field isn't holding onto water too much. Get that drainage sorted out, so there's no standing water to help this stuff spread around.",informal
Rice,Brown Spot,"Sometimes, when brown spot really gets going, those spots might take on a bit of a reddish-brown look. That's a sign things are getting serious.","If you want to keep this under control, try going for rice types that don't give in to this brown spot business as easily. Resistant rice varieties are your friends here.",informal
Rice,Brown Spot,"So, when these spots pop up, they can mess with your leaves big time, turning them yellow and making them fall off too soon. Not great for your rice's health.","To keep things in check, try to keep your rice plants happy and healthy with the right amount of food. Balanced fertilizer can help them fight back against this brown spot thing.",informal
Rice,Brown Spot,You might see these spots looking like little targets with different rings of colors. It's like they're aiming to mess up your rice big time.,"To stop this from spreading like wildfire, spray your rice with fungicides before things get too hot and humid. That should help keep the brown spot at bay.",informal
Rice,Brown Spot,"So, sometimes these brown spot things can spread from the leaves to the sheaths and nodes, messing with how your rice takes up water and food.","To stop this from spreading, keep an eye on your rice fields and pull out any plants that look infected. That way, you're not giving the disease a chance to spread.",informal
Rice,Brown Spot,"When the weather's just right, these spots can grow real fast, making things worse for your rice plants.","To keep this in check, make sure your rice fields aren't holding onto water too long. Proper water management can really help cut down on how bad this brown spot stuff gets.",informal
Rice,Brown Spot,"Sometimes, if your rice plants are loaded up with nitrogen, those brown spots might get worse. It's like they're having a party with all that extra nitrogen.","If you're seeing this, maybe dial back on the nitrogen a bit. You want your rice plants to be healthy, but too much of a good thing can make this brown spot stuff worse.",informal
Rice,Brown Spot,"So, these spots can show up on the veins of your rice leaves, messing with how your rice gets its food and water.","To stop this, try mixing things up in your fields. Crop rotation can help break the cycle and make life harder for the brown spot.",informal
Rice,Brown Spot,"Sometimes, when it's really muggy out there, those brown spots can get all fuzzy. It's like they're trying to spread their spores everywhere.","To keep them in check, think about bringing in some bugs that like to eat up these brown spot guys. It's a bit of a natural way to keep things balanced in your rice fields.",informal
Rice,Hispa,"So, picture this: your rice leaves end up looking like skeletons, with only the veins hanging on.","To kick these beetles to the curb, grab some insecticides that stick around for a while. That way, your rice plants stay protected even after the bugs have had their feast.",informal
Rice,Hispa,"Those hispa beetle babies might be chomping down on your rice roots, messing with how your plants grow.","To fight back, why not bring in some bugs of your own? Natural predators can help keep those hispa larvae in check.",informal
Rice,Hispa,"Sometimes, these beetles get a bit too cozy with certain insecticides, making them tougher to handle.","Keep an eye on these beetles and switch up your insecticides to keep them guessing. It's like a game of tag, but with bugs.",informal
Rice,Hispa,"These beetles can munch away at your rice leaves, leaving behind a windowpane-like mess.","To stay ahead of the game, try planting your rice at just the right time. That way, you might catch these beetles off guard.",informal
Rice,Hispa,"Picture this: those beetles lay their eggs in big clusters underneath your rice leaves, and then out pop these ravenous little larvae.","To stop them in their tracks, hit them early with some insecticides. It's like putting up a roadblock before they can even start.",informal
Rice,Hispa,"If these beetles get too comfy in your rice fields, they might start causing some serious trouble, like the 'dead heart' thing.","For a tag team approach, mix it up with chemicals, culture changes, and maybe a little help from nature. It's like having a bunch of bodyguards for your rice.",informal
Rice,Hispa,"These beetles have a thing for lush rice plants loaded up with nitrogen, especially the younger ones.","Try dialing back on the nitrogen a bit. You want your rice to look good, but not so good that it's like a buffet for these bugs.",informal
Rice,Hispa,"When these beetles are done munching, your rice plants might be left vulnerable to other nasties.","To keep your rice strong, hit it with some fungicides before things get worse. It's like giving your rice a shield against other threats.",informal
Rice,Hispa,"These beetles can stick around for a while, making it hard to shake them off.",Team up with your farming buddies and hit these beetles at the same time. It's like a coordinated attack to kick them out of your fields.,informal
Rice,Hispa,"You might find your rice leaves looking like they got blasted with a shotgun, thanks to these beetles.","For a surefire hit, use insecticides that go deep, targeting these beetles at every stage of their life cycle.",informal
Rice,Hispa,"Those beetle babies might be digging into your rice stems, causing all sorts of havoc.","To give them a watery grave, try flooding your fields. It's like flushing them out before they can do any more damage.",informal
Rice,Hispa,"These beetles like to kick back in your leftover crop bits, waiting to strike again next season.",Clear out those old crop remains to kick these beetles to the curb. It's like kicking them out of their cozy hideout.,informal
Rice,Hispa,"These beetles might turn on each other when the going gets tough, with the stronger ones feasting on the weak.",Set up some traps to keep an eye on these beetles and knock them out before they can team up against your rice.,informal
Rice,Hispa,"These beetles might hitch a ride from nearby weed patches to your rice fields, ready to cause trouble.",Clean up those weedy spots to send these beetles packing. It's like closing off their secret entrance to your rice.,informal
Rice,Hispa,"These beetles might go after your rice grains when they're in full bloom, messing with your harvest.",Hit them where it hurts by spraying your rice when it's flowering. It's like putting up a force field around your precious grains.,informal
Rice,Hispa,"If your fields are waterlogged, these beetles might think they've found paradise, and that's bad news for your rice.",Clear out that water to put these beetles on edge. It's like pulling the plug on their party.,informal
Rice,Hispa,"These beetle babies might cause some 'dead neck' issues in your rice, making it hard for them to get their nutrients.",Take them out early with some insecticides to keep your rice strong and healthy. It's like giving your rice a vitamin boost.,informal
Rice,Hispa,"These beetles might flock to your rice fields if you go overboard with the nitrogen, so watch out.",Keep an eye on that nitrogen level to keep these beetles at bay. It's like keeping your rice fields off their radar.,informal
Rice,Hispa,"These beetles are sneaky little critters, hiding out during the day and causing chaos at night.",Catch them when they least expect it by spraying your fields early in the morning or late at night. It's like turning on the lights and catching them in the act.,informal
Rice,Hispa,"These beetle babies might leave your rice leaves looking like they got hit by a mini tornado, with holes everywhere.",Keep them in check with a mix of methods that don't rely solely on chemicals. It's like playing it safe while still getting the job done.,informal
Rice,Hispa,"The manifestation of Hispa infestation is evident in rice leaves, characterized by skeletonization resulting from the beetles' feeding activity, leaving only the veins intact.","To mitigate Hispa damage, application of insecticides with persistent residual activity is recommended to safeguard rice plants against continuous feeding by the beetles.",formal
Rice,Hispa,"Hispa beetle larvae have been observed to feed on rice roots, impeding growth and causing nutrient deficiencies.","The adoption of biological control measures, such as the introduction of natural predators of Hispa beetles, is advised to address root damage caused by the larvae.",formal
Rice,Hispa,"Resistance to certain insecticides among Hispa beetles has been noted, necessitating the implementation of alternative control strategies.",Regular monitoring of Hispa populations coupled with the rotation of insecticide classes is advocated to mitigate the development of resistance.,formal
Rice,Hispa,The telltale sign of Hispa infestation is the appearance of 'windowpane' damage on rice leaves caused by the feeding activity of the beetles.,Cultural practices such as timely planting are recommended to minimize the impact of Hispa beetle activity on rice crops.,formal
Rice,Hispa,"Clusters of Hispa beetle eggs are typically found on the undersides of rice leaves, hatching into larvae that voraciously consume foliage upon emergence.",Early intervention through the application of insecticides during the initial stages of Hispa beetle emergence is advised to prevent larval establishment.,formal
Rice,Hispa,"Severe Hispa infestations have been known to induce 'dead heart' symptoms in rice plants, leading to significant yield losses.","Integrated pest management strategies, encompassing chemical, cultural, and biological controls, are recommended to effectively mitigate Hispa-induced yield reduction.",formal
Rice,Hispa,"Hispa beetles exhibit a preference for lush, nitrogen-rich rice plants, particularly favoring younger tissues for feeding.",Optimization of nitrogen application rates is advised to minimize the attractiveness of rice plants to Hispa beetles.,formal
Rice,Hispa,"Following Hispa beetle feeding damage, rice plants may become susceptible to secondary infections by pathogens.",Preventive application of fungicides is recommended to protect rice plants weakened by Hispa feeding from subsequent pathogenic attacks.,formal
Rice,Hispa,"Hispa beetles may undergo multiple generations within a single rice growing season, necessitating sustained monitoring and control efforts.",Collaborative efforts with neighboring farmers to synchronize pest control measures are advocated to minimize Hispa beetle migration and population resurgence.,formal
Rice,Hispa,"Hispa beetle feeding can result in 'shot-hole' damage on rice leaves, imparting a tattered appearance to the foliage.","Systemic insecticides are recommended for targeted control of Hispa beetles across all life stages, including eggs and larvae.",formal
Rice,Hispa,"Hispa beetle larvae may burrow into rice stems, leading to lodging and subsequent plant collapse.",Cultural practices such as deep flooding are advised to submerge Hispa beetle larvae and disrupt their life cycle.,formal
Rice,Hispa,Overwintering of Hispa beetle adults in crop residues can serve as a source of infestation in subsequent rice growing seasons.,"Field sanitation measures, involving the removal and destruction of crop residues, are recommended to diminish overwintering sites for Hispa beetles.",formal
Rice,Hispa,"Hispa beetles may engage in cannibalistic behavior, with larvae preying on weaker or injured individuals.",Pheromone traps are recommended for monitoring Hispa beetle populations and the subsequent implementation of targeted control measures.,formal
Rice,Hispa,Migration of Hispa beetle adults from adjacent weedy areas to rice fields may heighten the risk of infestation.,Effective weed management strategies are advised to diminish breeding sites for Hispa beetles and mitigate migration into rice fields.,formal
Rice,Hispa,"Hispa beetle adults may feed on rice panicles, resulting in grain damage and diminished yield.",Application of insecticides targeting adult Hispa beetles during rice flowering is recommended to safeguard panicles from feeding damage.,formal
Rice,Hispa,"Infestation severity by Hispa beetles may escalate in areas characterized by waterlogged soils, which favor beetle survival and reproduction.",Enhanced field drainage is advised to ameliorate waterlogging conditions and create less hospitable environments for Hispa beetle proliferation.,formal
Rice,Hispa,"Hispa beetle larvae may induce 'dead neck' symptoms in rice plants, impairing nutrient uptake.",Timely application of insecticides targeting Hispa beetle larvae during early crop growth stages is recommended to forestall damage.,formal
Rice,Hispa,"Hispa beetle adults may harbor within the crop canopy during daylight hours, adopting nocturnal feeding patterns, rendering detection and control challenging.","Application of insecticides during early morning or late evening hours, when Hispa beetles are most active, is recommended to optimize control efficacy.",formal
Rice,Hispa,"Hispa beetle larvae may consume rice leaf tissue between veins, causing extensive defoliation.",Implementation of integrated pest management strategies prioritizing non-chemical control methods is recommended to mitigate environmental impact.,formal
Wheat,Brown Rust,The occurrence of brown rust manifests in wheat leaves with the development of pustules in a linear arrangement along their length.,"To address this, it is recommended to introduce crop rotation with non-host crops to disrupt the disease cycle and diminish inoculum levels.",formal
Wheat,Brown Rust,"In severe cases, brown rust infections can induce premature leaf abscission, resulting in diminished photosynthetic efficiency.","For effective management, preventive application of fungicides during periods of high humidity is advocated to safeguard wheat foliage.",formal
Wheat,Brown Rust,Brown rust lesions may present a powdery appearance due to the abundance of fungal spores.,"To combat this, it is advisable to utilize resistant wheat cultivars tailored to local growing conditions.",formal
Wheat,Brown Rust,Pustules of brown rust may disseminate wind-borne spores capable of traveling long distances.,"For comprehensive disease control, the application of fungicides with translaminar or systemic properties is recommended.",formal
Wheat,Brown Rust,"Under favorable conditions, brown rust lesions may merge, resulting in the formation of extensive necrotic regions on wheat leaves.","To mitigate this, it is crucial to monitor weather patterns closely and adjust fungicide application timing to coincide with rust spore release periods.",formal
Wheat,Brown Rust,"Severe brown rust infections have the potential to cause lodging in wheat fields, thereby impeding harvest efficiency.","To address this challenge, implementing cultural practices such as optimizing plant spacing to enhance airflow and reduce humidity levels is recommended.",formal
Wheat,Brown Rust,"Brown rust lesions may exhibit a reddish-brown hue, particularly under conducive environmental conditions.","To bolster wheat plant health and disease resistance, the application of foliar fertilizers containing micronutrients is advised.",formal
Wheat,Brown Rust,Increased leaf wetness durations may lead to a surge in the number and spread of brown rust lesions.,"To mitigate this risk, implementing irrigation practices that minimize leaf wetness duration is recommended to alleviate rust disease severity.",formal
Wheat,Brown Rust,"Brown rust lesions may induce chlorosis and necrosis of wheat leaf tissue, resulting in reduced photosynthetic efficiency.","For infected wheat plants, applying fungicides with curative activity is essential to arrest disease progression.",formal
Wheat,Brown Rust,"Lesions of brown rust may develop on wheat glumes, compromising grain quality and marketability.","To prevent this, post-harvest sanitation measures should be implemented to remove crop debris and mitigate rust pathogen overwintering.",formal
Wheat,Brown Rust,"Brown rust lesions may result in 'witches' broom' symptoms, characterized by excessive tillering and stunted growth.","To prevent disease escalation, regular monitoring of wheat fields for early brown rust signs is advised, followed by prompt fungicide applications.",formal
Wheat,Brown Rust,"Premature ripening of wheat heads may occur as a consequence of brown rust lesions, diminishing grain fill and overall yield.","To address this issue effectively, implementing crop scouting to detect brown rust hotspots and deploying fungicides accordingly is recommended.",formal
Wheat,Brown Rust,"Brown rust lesions may lead to the development of 'firing' in wheat heads, characterized by premature spikelet death.","To suppress brown rust populations, biological control agents such as mycoparasitic fungi can be employed.",formal
Wheat,Brown Rust,"Brown rust lesions may distort wheat heads, adversely affecting grain fill and quality.",Cultural practices such as early planting can help mitigate brown rust impact by allowing wheat to mature before peak infection periods.,formal
Wheat,Brown Rust,Development of brown rust lesions on wheat stems can result in compromised plant architecture and susceptibility to lodging.,"To prevent brown rust establishment on susceptible wheat varieties, the application of fungicides with protectant activity is advised.",formal
Wheat,Brown Rust,"Brown rust lesions may induce 'sterile florets' in wheat heads, leading to reduced grain yield and quality.",Integrated disease management involving the use of resistant wheat cultivars in conjunction with fungicide applications is recommended.,formal
Wheat,Brown Rust,"Brown rust lesions may result in uneven ripening of wheat heads, complicating harvest operations.","To delay brown rust resistance development to chemical control measures, rotating fungicide modes of action is advocated.",formal
Wheat,Brown Rust,"Brown rust lesions may trigger the development of 'ergot' in wheat heads, characterized by the formation of toxic fungal sclerotia.",Prompt harvest of wheat fields is recommended to minimize sclerotia contamination of grain and straw.,formal
Wheat,Brown Rust,Brown rust lesions may reduce seed viability in infected wheat heads.,"To safeguard wheat seedlings from brown rust infection, implementing seed treatment with fungicides is advised.",formal
Wheat,Brown Rust,"Brown rust lesions may result in 'glume blotch' symptoms, impacting grain appearance and quality.","For durable resistance against multiple rust pathogens, the use of resistant wheat cultivars developed specifically for this purpose is recommended.",formal
Wheat,Brown Rust,"So, when wheat leaves start showing these brown rust pustules in a line along them, you know you've got a problem.","To tackle this, try mixing up your crops and growing something else for a while. Break the cycle and cut down on how much of this rust stuff is hanging around.",informal
Wheat,Brown Rust,"If this brown rust thing gets bad, you might start losing leaves early, and that's not good for your wheat's ability to make food.","To deal with it, think about spraying some fungicides when it gets really muggy out there. Keep that wheat safe from the rust.",informal
Wheat,Brown Rust,"Sometimes, those rust spots look all powdery, like someone spilled flour all over your wheat.","To stop it, try planting wheat that doesn't mind the rust as much. Go for those tough wheat varieties that can handle the local conditions.",informal
Wheat,Brown Rust,The rust on your wheat can spread its spores far and wide with the wind.,"To keep it under control, think about spraying your wheat with some special stuff that gets right inside the leaves and stops the rust.",informal
Wheat,Brown Rust,"When the rust gets really bad, those spots might all join up and make big dead patches on your wheat leaves.","To deal with this, keep an eye on the weather and spray your wheat when it looks like the rust is spreading.",informal
Wheat,Brown Rust,"If the rust is serious, your wheat might start falling over, and that makes it hard to harvest.","To avoid this, make sure your wheat isn't too close together. Give it some space to breathe and dry out.",informal
Wheat,Brown Rust,"Sometimes, those rust spots get a bit of a reddish-brown tint, especially when the weather's just right.","To keep your wheat strong against the rust, give it a boost with some special fertilizers that have all the good stuff it needs.",informal
Wheat,Brown Rust,"If your wheat leaves stay wet for a long time, you might see more and more rust spots popping up.","To stop this, make sure your wheat fields don't stay wet too long. Keep them nice and dry to keep the rust away.",informal
Wheat,Brown Rust,"When the rust gets bad, your wheat leaves might turn yellow and die, which isn't great for making food.","To fight back, give your wheat a dose of special fungicides that can stop the rust from spreading.",informal
Wheat,Brown Rust,"If the rust gets into your wheat heads, it can ruin the grain and make it less valuable.","To keep this from happening, clean up your fields after harvest to get rid of any leftover stuff that might harbor the rust.",informal
Wheat,Brown Rust,"When your wheat gets a bad case of rust, it might start growing lots of extra stems and not much grain.","To stop this, keep an eye out for rust early on and hit it with fungicides before it gets worse.",informal
Wheat,Brown Rust,"If your wheat heads start ripening too soon because of the rust, you'll end up with less grain.","To avoid this, keep checking your fields for rust and spray your wheat if you see any signs of trouble.",informal
Wheat,Brown Rust,"Sometimes, the rust makes your wheat heads die early, and that's not good for your harvest.","To keep this from happening, try using some special fungi that like to eat up the rust and keep it in check.",informal
Wheat,Brown Rust,"The rust might make your wheat heads ripen unevenly, making it tricky to harvest.","To make things easier, switch up the type of fungicides you use so the rust doesn't get too used to them.",informal
Wheat,Brown Rust,"Sometimes, the rust makes your wheat heads grow some weird stuff that's not good for you.","To avoid this, make sure you harvest your wheat as soon as it's ready to keep the rust from spoiling it.",informal
Wheat,Brown Rust,"If your wheat seeds get infected with rust, they might not grow very well.","To keep your wheat healthy from the start, treat your seeds with fungicides to stop the rust before it can do any harm.",informal
Wheat,Brown Rust,"Sometimes, the rust makes your wheat grains look all messed up, and that's not good for selling them.","For wheat that can stand up to rust and other rust-like stuff, try using special wheat types that are built tough.",informal
Wheat,Yellow Rust,"When your wheat leaves start showing these yellow rust patches all clumped together, you know there's trouble brewing.","To tackle it, keep an eye on your wheat fields regularly. Spot the rust early and hit it with fungicides before it gets out of hand.",informal
Wheat,Yellow Rust,"Sometimes, the rust makes your wheat leaves look like they've got stripes, with some parts healthy and others all messed up.","To stop it, use some special fungicides that really get into the wheat and keep it protected from the rust.",informal
Wheat,Yellow Rust,"If the rust gets bad, your wheat might start losing leaves early, which means less grain in the end.","To deal with this, try planting wheat that's known to be tough against the rust. Go for those varieties that can handle it without too much fuss.",informal
Wheat,Yellow Rust,"The rust can spread its spores everywhere, especially when it's windy out there.","To keep it at bay, spray your wheat with special stuff before the rust gets a chance to spread. It's like putting up a shield against the spores.",informal
Wheat,Yellow Rust,"When the rust gets going, it can spread real fast, making a mess of your wheat leaves in no time.","To handle this, keep an eye on the weather and spray your wheat when it looks like the rust might be on the move.",informal
Wheat,Yellow Rust,"If your wheat is hit hard by rust, it might start falling over, which makes it tough to harvest.","To avoid this, give your wheat some room to breathe by spacing it out. Don't crowd it too much.",informal
Wheat,Yellow Rust,"Sometimes, those rust spots make your wheat leaves look all freckled, with little yellow-orange dots all over them.","To keep your wheat strong against the rust, make sure it's getting all the nutrients it needs. Healthy wheat can fight off the rust better.",informal
Wheat,Yellow Rust,"If the rust gets into your wheat's veins, it can mess with how the plant gets its food and water.","To stop this, try planting other crops alongside your wheat. It's like putting up a barrier against the rust spores.",informal
Wheat,Yellow Rust,"When it's cool and wet, the rust can spread like wildfire, making things worse for your wheat plants.","To keep it in check, make sure your wheat fields don't stay wet too long. Keep them nice and dry to keep the rust away.",informal
Wheat,Yellow Rust,"Sometimes, the rust makes your wheat leaves turn pale yellow or white, which isn't a good sign.","To avoid this, spray your wheat with special stuff at key times to keep the rust from taking hold.",informal
Wheat,Yellow Rust,"If your wheat gets hit hard by rust, it might start dying off early, which isn't good for its overall health.","To fight back, try mixing things up in your fields. Crop rotation can help break the cycle and make life harder for the rust.",informal
Wheat,Yellow Rust,"If the rust gets into your wheat spikes, it can ruin the grain and make it less valuable.","To keep this from happening, clean up your fields after harvest to get rid of any leftover stuff that might harbor the rust.",informal
Wheat,Yellow Rust,"When the rust gets serious, it can lead to big losses in your wheat harvest, especially when the conditions are just right for it.","To stay ahead of it, try using some forecasting tools to predict when the rust might strike and be ready to spray your wheat if needed.",informal
Wheat,Yellow Rust,"If your wheat spikes get infected with rust, they won't be able to grow properly, and that means less grain for you.","To avoid this, spray your wheat with fungicides that can get deep inside the plant and stop the rust in its tracks.",informal
Wheat,Yellow Rust,"Sometimes, the rust makes your wheat spikes look all weird and bumpy, which isn't good for selling them.","To keep your wheat looking good, make sure you're cleaning up your fields after harvest to get rid of any leftover stuff that might harbor the rust.",informal
Wheat,Yellow Rust,"Yellow rust lesions may develop in clusters, forming distinct patches of discoloration on wheat leaves.","Employ systematic crop monitoring programs to detect outbreaks of yellow rust at their inception, enabling the timely initiation of fungicide applications.",formal
Wheat,Yellow Rust,"Yellow rust lesions may cause 'striping' patterns on wheat leaves, with alternating healthy and diseased areas.",Administer systemic fungicides to ensure comprehensive coverage and safeguard newly emerging growth from infection by yellow rust.,formal
Wheat,Yellow Rust,"Severe yellow rust infections may lead to premature leaf senescence, reducing grain filling and yield potential.",Employ resistant wheat varieties known for their documented tolerance to yellow rust as part of a sustainable disease management strategy.,formal
Wheat,Yellow Rust,"Yellow rust pustules may release vast quantities of airborne spores, facilitating rapid disease spread.",Apply protective fungicides prior to anticipated yellow rust outbreak periods to establish a barrier against spore germination.,formal
Wheat,Yellow Rust,"Yellow rust lesions may cause 'freckling' of wheat leaves, with small, yellow-orange spots scattered across the surface.",Coordinate with neighboring farmers to synchronize fungicide applications and mitigate inoculum pressure.,formal
Wheat,Yellow Rust,"Yellow rust lesions may develop rapidly under warm, humid conditions, spreading to neighboring plants within days.",Apply fungicides with both protective and curative properties to manage existing infections and prevent further dissemination.,formal
Wheat,Yellow Rust,"Yellow rust lesions may cause significant chlorosis of wheat leaves, affecting photosynthetic efficiency.",Maintain optimal plant nutrition to bolster wheat plant vigor and enhance resistance to yellow rust infection.,formal
Wheat,Yellow Rust,"Yellow rust lesions may appear as elongated streaks along wheat leaf veins, reducing nutrient transport and plant function.",Implement cultural practices such as intercropping to establish physical barriers against the dispersal of yellow rust spores.,formal
Wheat,Yellow Rust,"Yellow rust lesions may develop rapidly under cool, wet conditions, favoring disease spread and establishment.",Implement irrigation scheduling to minimize leaf wetness duration and create unfavorable conditions for yellow rust development.,formal
Wheat,Yellow Rust,"Yellow rust lesions may cause 'bleaching' of wheat leaves, with affected areas turning pale yellow or white.",Apply fungicides preventively at critical growth stages to shield susceptible wheat plants from yellow rust infection.,formal
Wheat,Yellow Rust,"Yellow rust lesions may lead to the formation of necrotic areas on wheat leaves, resulting in tissue death and reduced plant vigor.",Implement cultural practices such as crop rotation to disrupt the yellow rust disease cycle and diminish inoculum levels.,formal
Wheat,Yellow Rust,"Yellow rust lesions may develop on wheat spikes, affecting grain development and quality.",Utilize fungicides with translaminar activity to penetrate wheat tissues and address yellow rust infections on spikes.,formal
Wheat,Yellow Rust,Severe yellow rust infections may cause yield losses of up to 50% or more under favorable environmental conditions.,Utilize forecasting models to predict yellow rust outbreaks and time fungicide applications for optimal disease control.,formal
Wheat,Yellow Rust,"Yellow rust lesions may develop on wheat awns, affecting grain filling and reducing kernel weight.",Monitor wheat fields for early signs of yellow rust and apply fungicides preventively to safeguard awns from infection.,formal
Wheat,Yellow Rust,"Yellow rust lesions may cause distortion and deformation of wheat spikes, leading to poor grain quality.",Implement sanitation measures to eliminate volunteer wheat plants and diminish potential sources of yellow rust inoculum.,formal
Wheat,Yellow Rust,"Yellow rust lesions may lead to reduced kernel weight and test weight, impacting the economic value of wheat harvests.",Apply fungicides with systemic activity to shield wheat spikes from yellow rust infection throughout the growing season.,formal
Wheat,Yellow Rust,"Yellow rust lesions may develop on wheat glumes, affecting seed development and germination.","Utilize resistant wheat varieties as part of an integrated approach to yellow rust management, reducing dependence on fungicides.",formal
Wheat,Yellow Rust,"Yellow rust lesions may cause premature ripening of wheat spikes, leading to uneven maturation and reduced grain yield.",Implement agronomic practices such as optimal plant spacing to encourage air circulation and minimize yellow rust incidence.,formal
Wheat,Yellow Rust,"Yellow rust lesions may lead to the formation of teliospores, contributing to the survival and spread of the pathogen.",Administer fungicides with curative properties to halt teliospore production and decrease yellow rust inoculum levels.,formal
Wheat,Yellow Rust,"Yellow rust lesions may appear on wheat flag leaves, affecting photosynthetic efficiency and grain filling.",Incorporate cultural practices such as timely planting and appropriate crop rotation to mitigate yellow rust pressure and optimize yield potential.,formal
